run_id,sha,conclusion,timestamp
27825516580,80f6e0a,success,2026-06-19T12:24:23Z
27826034084,a234e10,success,2026-06-19T12:35:31Z
27826689171,dfa1b2d,success,2026-06-19T12:49:33Z
27828055972,90c0b2a,success,2026-06-19T13:17:30Z
27828655039,5e6ab1a,success,2026-06-19T13:29:46Z
27832112325,d3d4b6d,success,2026-06-19T14:39:02Z
27942945021,6dc6a32,success,2026-06-22T09:27:30Z
28031003542,ec7b61c,success,2026-06-23T13:47:33Z
28031799287,37f0776,success,2026-06-23T13:59:48Z
28041103646,df36487,success,2026-06-23T16:33:38Z
28041443386,ff6de37,success,2026-06-23T16:39:10Z
28041848771,d4fe3bf,success,2026-06-23T16:45:50Z
28043045345,f874cc8,success,2026-06-23T17:05:34Z
28043120045,b2f2d6a,success,2026-06-23T17:06:48Z
28046765905,f77c079,success,2026-06-23T18:08:13Z
28246076351,a480dd4,success,2026-06-26T14:56:31Z
