run_id,sha,conclusion,timestamp
27617298902,8ed6146,success,2026-06-16T12:24:39Z
27617347966,1b4cfcb,success,2026-06-16T12:25:31Z
27617361141,e49c886,success,2026-06-16T12:25:45Z
27622880857,c3bd751,success,2026-06-16T13:58:07Z
27624219366,a3bd42b,success,2026-06-16T14:18:53Z
27624466441,74b45bf,success,2026-06-16T14:22:36Z
27630635569,91fcfe6,success,2026-06-16T15:58:26Z
27631071465,ca6890a,success,2026-06-16T16:05:15Z
27631241397,92cb482,success,2026-06-16T16:07:57Z
27631382693,4b7ec64,success,2026-06-16T16:10:17Z
27631768500,4d2fd0a,success,2026-06-16T16:16:31Z
27632808994,c5ca790,success,2026-06-16T16:34:05Z
27632832089,9ecb327,success,2026-06-16T16:34:29Z
27632994645,fe65bfd,success,2026-06-16T16:37:10Z
27633835654,4279c46,success,2026-06-16T16:51:27Z
27633992275,ba054fd,success,2026-06-16T16:54:06Z
27634802547,6689284,success,2026-06-16T17:07:53Z
27635011868,1ab8b15,success,2026-06-16T17:11:35Z
27635843860,c458871,success,2026-06-16T17:26:17Z
27635926124,17c852e,success,2026-06-16T17:28:03Z
27636378126,14bbd5e,success,2026-06-16T17:37:27Z
27636499562,0a0c016,success,2026-06-16T17:39:54Z
27637052991,758e8c2,success,2026-06-16T17:50:35Z
27637896621,a77b699,success,2026-06-16T18:05:33Z
27638440857,0d55fa1,success,2026-06-16T18:15:16Z
27638876984,0b87bdf,success,2026-06-16T18:23:02Z
27641399138,afd3814,success,2026-06-16T19:06:58Z
27641840898,4b278b8,success,2026-06-16T19:14:40Z
27642046378,fc56466,success,2026-06-16T19:18:14Z
27642260734,6125052,success,2026-06-16T19:21:57Z
27645135023,4487e93,failure,2026-06-16T20:13:10Z
27645519591,de4d02e,failure,2026-06-16T20:19:48Z
27646228068,5a7373f,failure,2026-06-16T20:31:47Z
27646377375,08619e6,failure,2026-06-16T20:34:19Z
27646556205,01a7818,failure,2026-06-16T20:37:29Z
27646941935,fcce9cc,failure,2026-06-16T20:44:19Z
27647236497,552607b,failure,2026-06-16T20:49:39Z
27647510917,e71a4fd,failure,2026-06-16T20:54:43Z
27647848890,0d2e2d3,failure,2026-06-16T21:00:51Z
27648129727,25a202a,failure,2026-06-16T21:05:52Z
27648723446,a0ef99c,failure,2026-06-16T21:16:35Z
27649047832,465a105,failure,2026-06-16T21:22:47Z
27671082098,29a0098,failure,2026-06-17T06:48:02Z
27671607227,9a6d7ec,failure,2026-06-17T06:59:47Z
27671716251,6f5d935,failure,2026-06-17T07:02:01Z
27671917496,7a78120,failure,2026-06-17T07:06:19Z
27674220503,a2ca86e,failure,2026-06-17T07:53:42Z
27675105213,be13ebe,failure,2026-06-17T08:10:35Z
27675409539,c041ac6,failure,2026-06-17T08:16:12Z
27675770912,ef72851,failure,2026-06-17T08:23:05Z
27676468759,c5f98e9,failure,2026-06-17T08:36:07Z
27677144323,1f09439,failure,2026-06-17T08:48:48Z
27677562106,39a8dbf,failure,2026-06-17T08:56:38Z
27678580959,ed10b90,failure,2026-06-17T09:15:03Z
27689277387,081bd47,failure,2026-06-17T12:34:33Z
27690272522,f49a57d,failure,2026-06-17T12:51:45Z
27690583874,e1c9618,failure,2026-06-17T12:57:09Z
27700512697,5252e0c,failure,2026-06-17T15:31:23Z
27700727635,5a28bce,failure,2026-06-17T15:34:44Z
27700959055,46a1013,failure,2026-06-17T15:38:20Z
27701239936,9337a63,failure,2026-06-17T15:42:52Z
27701485766,21b97d0,failure,2026-06-17T15:46:44Z
27701648404,80b1805,failure,2026-06-17T15:49:21Z
27701862095,5176020,failure,2026-06-17T15:52:48Z
27702144287,a769efb,failure,2026-06-17T15:57:23Z
27702473431,0edbb82,failure,2026-06-17T16:02:36Z
27703027465,569c550,failure,2026-06-17T16:11:42Z
27703523667,24dd6fc,failure,2026-06-17T16:20:09Z
27703920423,090cc83,failure,2026-06-17T16:26:46Z
27704254531,05398c3,failure,2026-06-17T16:32:25Z
27704546366,0bd2aee,failure,2026-06-17T16:37:23Z
27704919847,dcb37c2,failure,2026-06-17T16:43:50Z
27705246880,22247c2,failure,2026-06-17T16:49:27Z
27705603569,90c1cc2,failure,2026-06-17T16:55:38Z
27706390601,e8e4a66,failure,2026-06-17T17:09:21Z
27715886516,bd0c3d6,failure,2026-06-17T19:56:52Z
27718013323,c5dadc2,failure,2026-06-17T20:34:27Z
27718115038,e8bf994,failure,2026-06-17T20:36:10Z
27718187516,b40ca1a,failure,2026-06-17T20:37:30Z
27718409538,1288a40,failure,2026-06-17T20:41:32Z
27718440734,87494af,failure,2026-06-17T20:42:06Z
27718448505,5ecc43e,failure,2026-06-17T20:42:14Z
27718466114,23454df,failure,2026-06-17T20:42:32Z
27718762930,34899a6,failure,2026-06-17T20:47:47Z
27718836321,ca3fd8a,failure,2026-06-17T20:49:09Z
27718876738,2fe86ff,failure,2026-06-17T20:49:52Z
27718924648,4b9d33f,failure,2026-06-17T20:50:45Z
27719133512,5c11654,failure,2026-06-17T20:54:35Z
27719374529,7a9f843,success,2026-06-17T20:58:57Z
27720014849,fb7310e,success,2026-06-17T21:10:34Z
27740863603,93d426c,success,2026-06-18T06:21:45Z
27742810805,170ef5a,success,2026-06-18T07:06:58Z
27754504200,336f131,success,2026-06-18T10:52:53Z
27755317395,e5d4871,success,2026-06-18T11:08:42Z
27755830044,b521035,success,2026-06-18T11:19:07Z
27756361571,b133a28,success,2026-06-18T11:29:43Z
27756907010,55f2b07,success,2026-06-18T11:40:31Z
27757102375,101b1ae,success,2026-06-18T11:44:19Z
27768283477,bbc25d2,success,2026-06-18T14:55:05Z
27770359398,09de173,success,2026-06-18T15:27:10Z
27814604833,2f7a36f,success,2026-06-19T08:27:05Z
27815382727,f5a1550,success,2026-06-19T08:44:05Z
27815855236,1cf510a,success,2026-06-19T08:54:14Z
